environment,method,metric,deletion_replacement,k,status,explain_time_sec,eval_time_sec,value,auc,curve
cartPole,tabularShap,AIM,,3,OK,4.512592792510986,0.02652740478515625,0.3848,,
cartPole,tabularShap,AUM,,3,OK,4.512592792510986,0.02050304412841797,0.8032,,
cartPole,tabularShap,PGI,,3,OK,4.512592792510986,1.062448263168335,0.6288933275397867,,
cartPole,tabularShap,PGU,,3,OK,4.512592792510986,1.0125653743743896,0.8054017287701368,,
cartPole,tabularShap,RIS,,3,OK,4.512592792510986,0.6416177749633789,10.265758408235229,,
cartPole,tabularShap,DeletionCurve,mean,3,OK,4.512592792510986,0.02752065658569336,,0.3559071126991221,"[1.0, 1.0, 0.4924762809665966, 0.4924762809665966, 0.2330734766052301, 0.2330734766052301, 0.2330734766052301, 0.1874490676211687, 0.1874490676211687, 0.0, 0.0]"
cartPole,tabularShap,DeletionCurve,median,3,OK,4.512592792510986,0.05406951904296875,,0.46939866976537786,"[1.0, 1.0, 0.6921472622254242, 0.6921472622254242, 0.4208987442489015, 0.4208987442489015, 0.4208987442489015, 0.27349797022811256, 0.27349797022811256, 0.0, 0.0]"
cartPole,tabularShap,DeletionCurve,zero,3,OK,4.512592792510986,0.08010244369506836,,0.3415705971293974,"[1.0, 1.0, 0.4717187154571012, 0.4717187154571012, 0.22378414330296192, 0.22378414330296192, 0.22378414330296192, 0.15045805523544273, 0.15045805523544273, 0.0, 0.0]"
cartPole,perturbationSaliency,AIM,,3,OK,2.838475227355957,0.02200627326965332,0.5648,,
cartPole,perturbationSaliency,AUM,,3,OK,2.838475227355957,0.019029617309570312,0.577,,
cartPole,perturbationSaliency,PGI,,3,OK,2.838475227355957,0.9829909801483154,0.633805566650629,,
cartPole,perturbationSaliency,PGU,,3,OK,2.838475227355957,1.114227533340454,0.7261151009082795,,
cartPole,perturbationSaliency,RIS,,3,OK,2.838475227355957,4.357770919799805,16.92811570447325,,
cartPole,perturbationSaliency,DeletionCurve,mean,3,OK,2.838475227355957,0.024008512496948242,,0.37243032381667335,"[1.0, 1.0, 0.5248588863087408, 0.5248588863087408, 0.26040361185172206, 0.26040361185172206, 0.26040361185172206, 0.19668731499704278, 0.19668731499704278, 0.0, 0.0]"
cartPole,perturbationSaliency,DeletionCurve,median,3,OK,2.838475227355957,0.04552054405212402,,0.4526488855760686,"[1.0, 1.0, 0.6663556995245311, 0.6663556995245311, 0.3901304971854097, 0.3901304971854097, 0.3901304971854097, 0.2616929825776971, 0.2616929825776971, 0.0, 0.0]"
cartPole,perturbationSaliency,DeletionCurve,zero,3,OK,2.838475227355957,0.06602954864501953,,0.3609371553165042,"[1.0, 1.0, 0.510408755005102, 0.510408755005102, 0.2514717830817613, 0.2514717830817613, 0.2514717830817613, 0.1670693469547768, 0.1670693469547768, 0.0, 0.0]"
cartPole,sarfa,AIM,,3,OK,4.702396631240845,0.026537418365478516,0.6132,,
cartPole,sarfa,AUM,,3,OK,4.702396631240845,0.023004770278930664,0.5684,,
cartPole,sarfa,PGI,,3,OK,4.702396631240845,1.0613512992858887,0.6872405886352062,,
cartPole,sarfa,PGU,,3,OK,4.702396631240845,1.0592234134674072,0.7244777647987009,,
cartPole,sarfa,RIS,,3,OK,4.702396631240845,3.7828030586242676,28.689329952108785,,
cartPole,sarfa,DeletionCurve,mean,3,OK,4.702396631240845,0.016525983810424805,,0.3726303089305764,"[1.0, 1.0, 0.5262273860989938, 0.5262273860989938, 0.25998763094788546, 0.25998763094788546, 0.25998763094788546, 0.19694271213205986, 0.19694271213205986, 0.0, 0.0]"
cartPole,sarfa,DeletionCurve,median,3,OK,4.702396631240845,0.032538414001464844,,0.45725266528228276,"[1.0, 1.0, 0.6732958085943148, 0.6732958085943148, 0.3994095186097505, 0.3994095186097505, 0.3994095186097505, 0.2638532399024734, 0.2638532399024734, 0.0, 0.0]"
cartPole,sarfa,DeletionCurve,zero,3,OK,4.702396631240845,0.04805564880371094,,0.3631006684973691,"[1.0, 1.0, 0.5151819957413311, 0.5151819957413311, 0.2544233452709264, 0.2544233452709264, 0.2544233452709264, 0.1686863288391247, 0.1686863288391247, 0.0, 0.0]"
cartPole,deepShap,AIM,,3,OK,17.77209210395813,0.023526906967163086,0.5272,,
cartPole,deepShap,AUM,,3,OK,17.77209210395813,0.017998933792114258,0.5272,,
cartPole,deepShap,PGI,,3,OK,17.77209210395813,0.8459722995758057,0.8216587963879108,,
cartPole,deepShap,PGU,,3,OK,17.77209210395813,0.7124946117401123,0.5140192710876464,,
cartPole,deepShap,RIS,,3,OK,17.77209210395813,12.683700323104858,7.059927815662111,,
cartPole,deepShap,DeletionCurve,mean,3,OK,17.77209210395813,0.01401519775390625,,0.42870008042256325,"[1.0, 1.0, 0.5165703759173302, 0.5165703759173302, 0.3674639586362153, 0.3674639586362153, 0.3674639586362153, 0.32573408824116284, 0.32573408824116284, 0.0, 0.0]"
cartPole,deepShap,DeletionCurve,median,3,OK,17.77209210395813,0.02806401252746582,,0.42881885172923806,"[1.0, 1.0, 0.590082023821826, 0.590082023821826, 0.4022972891391737, 0.4022972891391737, 0.4022972891391737, 0.20056630111560347, 0.20056630111560347, 0.0, 0.0]"
cartPole,deepShap,DeletionCurve,zero,3,OK,17.77209210395813,0.040617942810058594,,0.4618230462647348,"[1.0, 1.0, 0.5767547069306215, 0.5767547069306215, 0.41543373946008594, 0.41543373946008594, 0.41543373946008594, 0.3592099152029234, 0.3592099152029234, 0.0, 0.0]"
cartPole,tabularLime,AIM,,3,OK,155.2565701007843,0.02052164077758789,0.607,,
cartPole,tabularLime,AUM,,3,OK,155.2565701007843,0.01851940155029297,0.4906,,
cartPole,tabularLime,PGI,,3,OK,155.2565701007843,0.7572660446166992,0.837401488250494,,
cartPole,tabularLime,PGU,,3,OK,155.2565701007843,0.693124532699585,0.6692859784543514,,
cartPole,tabularLime,RIS,,3,OK,155.2565701007843,149.02034664154053,6.254790262045988,,
cartPole,tabularLime,DeletionCurve,mean,3,OK,155.2565701007843,0.012001752853393555,,0.4024759296420866,"[1.0, 1.0, 0.5612972599725549, 0.5612972599725549, 0.39864708234540813, 0.39864708234540813, 0.39864708234540813, 0.1031117647197659, 0.1031117647197659, 0.0, 0.0]"
cartPole,tabularLime,DeletionCurve,median,3,OK,155.2565701007843,0.023006916046142578,,0.4022547538064967,"[1.0, 1.0, 0.5986889779252477, 0.5986889779252477, 0.3896164371005121, 0.3896164371005121, 0.3896164371005121, 0.07816013545646754, 0.07816013545646754, 0.0, 0.0]"
cartPole,tabularLime,DeletionCurve,zero,3,OK,155.2565701007843,0.03351783752441406,,0.41294124171402086,"[1.0, 1.0, 0.5723689819119777, 0.5723689819119777, 0.3995492262039474, 0.3995492262039474, 0.3995492262039474, 0.14301338735220534, 0.14301338735220534, 0.0, 0.0]"
cartPole,integratedGradient,AIM,,3,OK,552.1363019943237,0.013018608093261719,0.5542,,
cartPole,integratedGradient,AUM,,3,OK,552.1363019943237,0.009006500244140625,0.622,,
cartPole,integratedGradient,PGI,,3,OK,552.1363019943237,0.49864673614501953,0.85809975502491,,
cartPole,integratedGradient,PGU,,3,OK,552.1363019943237,0.44721198081970215,0.5551318340420723,,
cartPole,integratedGradient,RIS,,3,OK,552.1363019943237,491.19660472869873,23.6060741412044,,
cartPole,integratedGradient,DeletionCurve,mean,3,OK,552.1363019943237,0.010111570358276367,,0.424082623320169,"[1.0, 1.0, 0.5165703759173302, 0.5165703759173302, 0.3812583550349685, 0.3812583550349685, 0.3812583550349685, 0.28195520813106184, 0.28195520813106184, 0.0, 0.0]"
cartPole,integratedGradient,DeletionCurve,median,3,OK,552.1363019943237,0.020224571228027344,,0.39866011389493117,"[1.0, 1.0, 0.590082023821826, 0.590082023821826, 0.3335527805299126, 0.3335527805299126, 0.3335527805299126, 0.15288937485796103, 0.15288937485796103, 0.0, 0.0]"
cartPole,integratedGradient,DeletionCurve,zero,3,OK,552.1363019943237,0.029742956161499023,,0.4537998885486056,"[1.0, 1.0, 0.5767547069306215, 0.5767547069306215, 0.41703892235049334, 0.41703892235049334, 0.41703892235049334, 0.3166863522866664, 0.3166863522866664, 0.0, 0.0]"
